fichier,segment_id,t_start_s,t_end_s,duree_ms,label
Audio_1,0,0.0,0.5,500,bruit_ambiant
Audio_1,1,0.5,1.0,500,bruit_ambiant
Audio_1,2,1.0,1.5,500,bruit_ambiant
Audio_1,3,1.5,2.0,500,bruit_ambiant
Audio_1,4,2.0,2.5,500,bruit_ambiant
Audio_1,5,2.5,3.0,500,bruit_ambiant
Audio_1,6,3.0,3.5,500,bruit_ambiant
Audio_1,7,3.5,4.0,500,bruit_ambiant
Audio_1,8,4.0,4.5,500,bruit_ambiant
Audio_1,9,4.5,5.0,500,bruit_ambiant
Audio_1,10,5.0,5.5,500,bruit_ambiant
Audio_1,11,5.5,6.0,500,bruit_ambiant
Audio_1,12,6.0,6.5,500,bruit_ambiant
Audio_1,13,6.5,7.0,500,bruit_ambiant
Audio_1,14,7.0,7.5,500,miction_active
Audio_1,15,7.5,8.0,500,miction_active
Audio_1,16,8.0,8.5,500,miction_active
Audio_1,17,8.5,9.0,500,miction_active
Audio_1,18,9.0,9.5,500,miction_active
Audio_1,19,9.5,10.0,500,miction_active
Audio_1,20,10.0,10.5,500,miction_active
Audio_1,21,10.5,11.0,500,miction_active
Audio_1,22,11.0,11.5,500,miction_active
Audio_1,23,11.5,12.0,500,miction_active
Audio_1,24,12.0,12.5,500,miction_active
Audio_1,25,12.5,13.0,500,miction_active
Audio_1,26,13.0,13.5,500,miction_active
Audio_1,27,13.5,14.0,500,miction_active
Audio_1,28,14.0,14.5,500,miction_active
Audio_1,29,14.5,15.0,500,miction_active
Audio_1,30,15.0,15.5,500,miction_active
Audio_1,31,15.5,16.0,500,miction_active
Audio_1,32,16.0,16.5,500,miction_active
Audio_1,33,16.5,17.0,500,miction_active
Audio_1,34,17.0,17.5,500,miction_active
Audio_1,35,17.5,18.0,500,miction_active
Audio_1,36,18.0,18.5,500,miction_active
Audio_1,37,18.5,19.0,500,miction_active
Audio_1,38,19.0,19.5,500,miction_active
Audio_1,39,19.5,20.0,500,miction_active
Audio_1,40,20.0,20.5,500,miction_active
Audio_1,41,20.5,21.0,500,miction_active
Audio_1,42,21.0,21.5,500,miction_active
Audio_1,43,21.5,22.0,500,miction_active
Audio_1,44,22.0,22.5,500,miction_active
Audio_1,45,22.5,23.0,500,miction_active
Audio_1,46,23.0,23.5,500,miction_active
Audio_1,47,23.5,24.0,500,miction_active
Audio_1,48,24.0,24.5,500,miction_active
Audio_1,49,24.5,25.0,500,miction_active
Audio_1,50,25.0,25.5,500,miction_active
Audio_1,51,25.5,26.0,500,silence
Audio_1,52,26.0,26.5,500,silence
Audio_1,53,26.5,27.0,500,silence
Audio_1,54,27.0,27.5,500,silence
Audio_1,55,27.5,28.0,500,silence
Audio_1,56,28.0,28.5,500,silence
Audio_1,57,28.5,29.0,500,silence
Audio_1,58,29.0,29.5,500,silence
Audio_1,59,29.5,30.0,500,silence
Audio_1,60,30.0,30.5,500,silence
Audio_1,61,30.5,31.0,500,silence
Audio_1,62,31.0,31.5,500,silence
Audio_1,63,31.5,32.0,500,silence
Audio_1,64,32.0,32.5,500,bruit_chasse
Audio_1,65,32.5,33.0,500,bruit_chasse
Audio_1,66,33.0,33.5,500,bruit_chasse
Audio_1,67,33.5,34.0,500,bruit_chasse
Audio_1,68,34.0,34.5,500,bruit_chasse
Audio_1,69,34.5,35.0,500,bruit_chasse
Audio_1,70,35.0,35.5,500,bruit_chasse
Audio_1,71,35.5,36.0,500,bruit_chasse
Audio_1,72,36.0,36.5,500,bruit_chasse
Audio_1,73,36.5,37.0,500,bruit_chasse
Audio_1,74,37.0,37.5,500,bruit_chasse
Audio_1,75,37.5,38.0,500,bruit_chasse
Audio_1,76,38.0,38.5,500,bruit_chasse
Audio_1,77,38.5,39.0,500,bruit_chasse
Audio_1,78,39.0,39.5,500,bruit_chasse
Audio_1,79,39.5,40.0,500,bruit_chasse
Audio_1,80,40.0,40.5,500,bruit_chasse
Audio_1,81,40.5,41.0,500,bruit_chasse
Audio_1,82,41.0,41.5,500,bruit_chasse
Audio_1,83,41.5,42.0,500,bruit_chasse
Audio_10,0,0.0,0.5,500,bruit_ambiant
Audio_10,1,0.5,1.0,500,bruit_ambiant
Audio_10,2,1.0,1.5,500,bruit_ambiant
Audio_10,3,1.5,2.0,500,bruit_ambiant
Audio_10,4,2.0,2.5,500,bruit_ambiant
Audio_10,5,2.5,3.0,500,bruit_ambiant
Audio_10,6,3.0,3.5,500,bruit_ambiant
Audio_10,7,3.5,4.0,500,bruit_ambiant
Audio_10,8,4.0,4.5,500,bruit_ambiant
Audio_10,9,4.5,5.0,500,bruit_ambiant
Audio_10,10,5.0,5.5,500,bruit_ambiant
Audio_10,11,5.5,6.0,500,bruit_ambiant
Audio_10,12,6.0,6.5,500,bruit_ambiant
Audio_10,13,6.5,7.0,500,bruit_ambiant
Audio_10,14,7.0,7.5,500,bruit_ambiant
Audio_10,15,7.5,8.0,500,bruit_ambiant
Audio_10,16,8.0,8.5,500,miction_active
Audio_10,17,8.5,9.0,500,miction_active
Audio_10,18,9.0,9.5,500,miction_active
Audio_10,19,9.5,10.0,500,miction_active
Audio_10,20,10.0,10.5,500,miction_active
Audio_10,21,10.5,11.0,500,miction_active
Audio_10,22,11.0,11.5,500,miction_active
Audio_10,23,11.5,12.0,500,miction_active
Audio_10,24,12.0,12.5,500,miction_active
Audio_10,25,12.5,13.0,500,miction_active
Audio_10,26,13.0,13.5,500,miction_active
Audio_10,27,13.5,14.0,500,miction_active
Audio_10,28,14.0,14.5,500,miction_active
Audio_10,29,14.5,15.0,500,miction_active
Audio_10,30,15.0,15.5,500,miction_active
Audio_10,31,15.5,16.0,500,miction_active
Audio_10,32,16.0,16.5,500,miction_active
Audio_10,33,16.5,17.0,500,miction_active
Audio_10,34,17.0,17.5,500,miction_active
Audio_10,35,17.5,18.0,500,miction_active
Audio_10,36,18.0,18.5,500,miction_active
Audio_10,37,18.5,19.0,500,miction_active
Audio_10,38,19.0,19.5,500,miction_active
Audio_10,39,19.5,20.0,500,miction_active
Audio_10,40,20.0,20.5,500,miction_active
Audio_10,41,20.5,21.0,500,miction_active
Audio_10,42,21.0,21.5,500,miction_active
Audio_10,43,21.5,22.0,500,miction_active
Audio_10,44,22.0,22.5,500,miction_active
Audio_10,45,22.5,23.0,500,miction_active
Audio_10,46,23.0,23.5,500,miction_active
Audio_10,47,23.5,24.0,500,miction_active
Audio_10,48,24.0,24.5,500,miction_active
Audio_10,49,24.5,25.0,500,miction_active
Audio_10,50,25.0,25.5,500,miction_active
Audio_10,51,25.5,26.0,500,miction_active
Audio_10,52,26.0,26.5,500,miction_active
Audio_10,53,26.5,27.0,500,bruit_chasse
Audio_10,54,27.0,27.5,500,bruit_chasse
Audio_10,55,27.5,28.0,500,bruit_chasse
Audio_10,56,28.0,28.5,500,bruit_chasse
Audio_10,57,28.5,29.0,500,bruit_chasse
Audio_10,58,29.0,29.5,500,bruit_chasse
Audio_10,59,29.5,30.0,500,bruit_chasse
Audio_10,60,30.0,30.5,500,bruit_chasse
Audio_10,61,30.5,31.0,500,bruit_chasse
Audio_10,62,31.0,31.5,500,bruit_chasse
Audio_10,63,31.5,32.0,500,bruit_chasse
Audio_11,0,0.0,0.5,500,bruit_ambiant
Audio_11,1,0.5,1.0,500,bruit_ambiant
Audio_11,2,1.0,1.5,500,bruit_ambiant
Audio_11,3,1.5,2.0,500,bruit_ambiant
Audio_11,4,2.0,2.5,500,bruit_ambiant
Audio_11,5,2.5,3.0,500,bruit_ambiant
Audio_11,6,3.0,3.5,500,bruit_ambiant
Audio_11,7,3.5,4.0,500,bruit_ambiant
Audio_11,8,4.0,4.5,500,bruit_ambiant
Audio_11,9,4.5,5.0,500,bruit_ambiant
Audio_11,10,5.0,5.5,500,bruit_ambiant
Audio_11,11,5.5,6.0,500,bruit_ambiant
Audio_11,12,6.0,6.5,500,bruit_ambiant
Audio_11,13,6.5,7.0,500,bruit_ambiant
Audio_11,14,7.0,7.5,500,bruit_ambiant
Audio_11,15,7.5,8.0,500,silence
Audio_11,16,8.0,8.5,500,silence
Audio_11,17,8.5,9.0,500,silence
Audio_11,18,9.0,9.5,500,silence
Audio_11,19,9.5,10.0,500,silence
Audio_11,20,10.0,10.5,500,miction_active
Audio_11,21,10.5,11.0,500,miction_active
Audio_11,22,11.0,11.5,500,miction_active
Audio_11,23,11.5,12.0,500,miction_active
Audio_11,24,12.0,12.5,500,miction_active
Audio_11,25,12.5,13.0,500,miction_active
Audio_11,26,13.0,13.5,500,miction_active
Audio_11,27,13.5,14.0,500,miction_active
Audio_11,28,14.0,14.5,500,miction_active
Audio_11,29,14.5,15.0,500,miction_active
Audio_11,30,15.0,15.5,500,miction_active
Audio_11,31,15.5,16.0,500,miction_active
Audio_11,32,16.0,16.5,500,miction_active
Audio_11,33,16.5,17.0,500,miction_active
Audio_11,34,17.0,17.5,500,miction_active
Audio_11,35,17.5,18.0,500,miction_active
Audio_11,36,18.0,18.5,500,miction_active
Audio_11,37,18.5,19.0,500,miction_active
Audio_11,38,19.0,19.5,500,miction_active
Audio_11,39,19.5,20.0,500,miction_active
Audio_11,40,20.0,20.5,500,miction_active
Audio_11,41,20.5,21.0,500,miction_active
Audio_11,42,21.0,21.5,500,miction_active
Audio_11,43,21.5,22.0,500,miction_active
Audio_11,44,22.0,22.5,500,miction_active
Audio_11,45,22.5,23.0,500,miction_active
Audio_11,46,23.0,23.5,500,miction_active
Audio_11,47,23.5,24.0,500,miction_active
Audio_11,48,24.0,24.5,500,miction_active
Audio_11,49,24.5,25.0,500,miction_active
Audio_11,50,25.0,25.5,500,miction_active
Audio_11,51,25.5,26.0,500,miction_active
Audio_11,52,26.0,26.5,500,miction_active
Audio_11,53,26.5,27.0,500,miction_active
Audio_11,54,27.0,27.5,500,miction_active
Audio_11,55,27.5,28.0,500,miction_active
Audio_11,56,28.0,28.5,500,miction_active
Audio_11,57,28.5,29.0,500,miction_active
Audio_11,58,29.0,29.5,500,miction_active
Audio_11,59,29.5,30.0,500,miction_active
Audio_11,60,30.0,30.5,500,miction_active
Audio_11,61,30.5,31.0,500,miction_active
Audio_11,62,31.0,31.5,500,bruit_chasse
Audio_11,63,31.5,32.0,500,bruit_chasse
Audio_11,64,32.0,32.5,500,bruit_chasse
Audio_11,65,32.5,33.0,500,bruit_chasse
Audio_11,66,33.0,33.5,500,bruit_chasse
Audio_11,67,33.5,34.0,500,bruit_chasse
Audio_11,68,34.0,34.5,500,bruit_chasse
Audio_12,0,0.0,0.5,500,bruit_ambiant
Audio_12,1,0.5,1.0,500,bruit_ambiant
Audio_12,2,1.0,1.5,500,bruit_ambiant
Audio_12,3,1.5,2.0,500,bruit_ambiant
Audio_12,4,2.0,2.5,500,bruit_ambiant
Audio_12,5,2.5,3.0,500,bruit_ambiant
Audio_12,6,3.0,3.5,500,bruit_ambiant
Audio_12,7,3.5,4.0,500,bruit_ambiant
Audio_12,8,4.0,4.5,500,bruit_ambiant
Audio_12,9,4.5,5.0,500,bruit_ambiant
Audio_12,10,5.0,5.5,500,bruit_ambiant
Audio_12,11,5.5,6.0,500,bruit_ambiant
Audio_12,12,6.0,6.5,500,bruit_ambiant
Audio_12,13,6.5,7.0,500,bruit_ambiant
Audio_12,14,7.0,7.5,500,bruit_ambiant
Audio_12,15,7.5,8.0,500,bruit_ambiant
Audio_12,16,8.0,8.5,500,bruit_ambiant
Audio_12,17,8.5,9.0,500,bruit_ambiant
Audio_12,18,9.0,9.5,500,bruit_ambiant
Audio_12,19,9.5,10.0,500,bruit_ambiant
Audio_12,20,10.0,10.5,500,bruit_ambiant
Audio_12,21,10.5,11.0,500,bruit_ambiant
Audio_12,22,11.0,11.5,500,bruit_ambiant
Audio_12,23,11.5,12.0,500,bruit_ambiant
Audio_12,24,12.0,12.5,500,bruit_ambiant
Audio_12,25,12.5,13.0,500,bruit_ambiant
Audio_12,26,13.0,13.5,500,bruit_ambiant
Audio_12,27,13.5,14.0,500,bruit_ambiant
Audio_12,28,14.0,14.5,500,bruit_ambiant
Audio_12,29,14.5,15.0,500,bruit_ambiant
Audio_12,30,15.0,15.5,500,miction_active
Audio_12,31,15.5,16.0,500,miction_active
Audio_12,32,16.0,16.5,500,miction_active
Audio_12,33,16.5,17.0,500,miction_active
Audio_12,34,17.0,17.5,500,miction_active
Audio_12,35,17.5,18.0,500,miction_active
Audio_12,36,18.0,18.5,500,miction_active
Audio_12,37,18.5,19.0,500,miction_active
Audio_12,38,19.0,19.5,500,miction_active
Audio_12,39,19.5,20.0,500,miction_active
Audio_12,40,20.0,20.5,500,miction_active
Audio_12,41,20.5,21.0,500,miction_active
Audio_12,42,21.0,21.5,500,miction_active
Audio_12,43,21.5,22.0,500,miction_active
Audio_12,44,22.0,22.5,500,miction_active
Audio_12,45,22.5,23.0,500,miction_active
Audio_12,46,23.0,23.5,500,miction_active
Audio_12,47,23.5,24.0,500,miction_active
Audio_12,48,24.0,24.5,500,miction_active
Audio_12,49,24.5,25.0,500,miction_active
Audio_12,50,25.0,25.5,500,miction_active
Audio_12,51,25.5,26.0,500,miction_active
Audio_12,52,26.0,26.5,500,miction_active
Audio_12,53,26.5,27.0,500,miction_active
Audio_12,54,27.0,27.5,500,miction_active
Audio_12,55,27.5,28.0,500,miction_active
Audio_12,56,28.0,28.5,500,miction_active
Audio_12,57,28.5,29.0,500,miction_active
Audio_12,58,29.0,29.5,500,bruit_ambiant
Audio_12,59,29.5,30.0,500,bruit_ambiant
Audio_12,60,30.0,30.5,500,bruit_ambiant
Audio_12,61,30.5,31.0,500,bruit_ambiant
Audio_12,62,31.0,31.5,500,bruit_ambiant
Audio_12,63,31.5,32.0,500,bruit_ambiant
Audio_12,64,32.0,32.5,500,bruit_ambiant
Audio_12,65,32.5,33.0,500,bruit_ambiant
Audio_12,66,33.0,33.5,500,bruit_ambiant
Audio_12,67,33.5,34.0,500,bruit_ambiant
Audio_12,68,34.0,34.5,500,bruit_ambiant
Audio_12,69,34.5,35.0,500,bruit_ambiant
Audio_12,70,35.0,35.5,500,bruit_ambiant
Audio_12,71,35.5,36.0,500,bruit_chasse
Audio_12,72,36.0,36.5,500,bruit_chasse
Audio_12,73,36.5,37.0,500,bruit_chasse
Audio_12,74,37.0,37.5,500,bruit_chasse
Audio_12,75,37.5,38.0,500,bruit_chasse
Audio_12,76,38.0,38.5,500,bruit_chasse
Audio_12,77,38.5,39.0,500,bruit_chasse
Audio_12,78,39.0,39.5,500,bruit_chasse
Audio_13,0,0.0,0.5,500,bruit_ambiant
Audio_13,1,0.5,1.0,500,bruit_ambiant
Audio_13,2,1.0,1.5,500,bruit_ambiant
Audio_13,3,1.5,2.0,500,bruit_ambiant
Audio_13,4,2.0,2.5,500,bruit_ambiant
Audio_13,5,2.5,3.0,500,bruit_ambiant
Audio_13,6,3.0,3.5,500,bruit_ambiant
Audio_13,7,3.5,4.0,500,bruit_ambiant
Audio_13,8,4.0,4.5,500,bruit_ambiant
Audio_13,9,4.5,5.0,500,bruit_ambiant
Audio_13,10,5.0,5.5,500,bruit_ambiant
Audio_13,11,5.5,6.0,500,bruit_ambiant
Audio_13,12,6.0,6.5,500,bruit_ambiant
Audio_13,13,6.5,7.0,500,bruit_ambiant
Audio_13,14,7.0,7.5,500,bruit_ambiant
Audio_13,15,7.5,8.0,500,bruit_ambiant
Audio_13,16,8.0,8.5,500,bruit_ambiant
Audio_13,17,8.5,9.0,500,bruit_ambiant
Audio_13,18,9.0,9.5,500,bruit_ambiant
Audio_13,19,9.5,10.0,500,bruit_ambiant
Audio_13,20,10.0,10.5,500,miction_active
Audio_13,21,10.5,11.0,500,miction_active
Audio_13,22,11.0,11.5,500,miction_active
Audio_13,23,11.5,12.0,500,miction_active
Audio_13,24,12.0,12.5,500,miction_active
Audio_13,25,12.5,13.0,500,miction_active
Audio_13,26,13.0,13.5,500,miction_active
Audio_13,27,13.5,14.0,500,miction_active
Audio_13,28,14.0,14.5,500,miction_active
Audio_13,29,14.5,15.0,500,miction_active
Audio_13,30,15.0,15.5,500,miction_active
Audio_13,31,15.5,16.0,500,miction_active
Audio_13,32,16.0,16.5,500,miction_active
Audio_13,33,16.5,17.0,500,miction_active
Audio_13,34,17.0,17.5,500,miction_active
Audio_13,35,17.5,18.0,500,miction_active
Audio_13,36,18.0,18.5,500,miction_active
Audio_13,37,18.5,19.0,500,miction_active
Audio_13,38,19.0,19.5,500,miction_active
Audio_13,39,19.5,20.0,500,miction_active
Audio_13,40,20.0,20.5,500,miction_active
Audio_13,41,20.5,21.0,500,miction_active
Audio_13,42,21.0,21.5,500,miction_active
Audio_13,43,21.5,22.0,500,miction_active
Audio_13,44,22.0,22.5,500,miction_active
Audio_13,45,22.5,23.0,500,miction_active
Audio_13,46,23.0,23.5,500,miction_active
Audio_13,47,23.5,24.0,500,miction_active
Audio_13,48,24.0,24.5,500,miction_active
Audio_13,49,24.5,25.0,500,miction_active
Audio_13,50,25.0,25.5,500,miction_active
Audio_13,51,25.5,26.0,500,miction_active
Audio_13,52,26.0,26.5,500,silence
Audio_13,53,26.5,27.0,500,silence
Audio_13,54,27.0,27.5,500,silence
Audio_13,55,27.5,28.0,500,silence
Audio_13,56,28.0,28.5,500,silence
Audio_13,57,28.5,29.0,500,silence
Audio_13,58,29.0,29.5,500,silence
Audio_13,59,29.5,30.0,500,silence
Audio_13,60,30.0,30.5,500,silence
Audio_13,61,30.5,31.0,500,silence
Audio_13,62,31.0,31.5,500,bruit_chasse
Audio_13,63,31.5,32.0,500,bruit_chasse
Audio_13,64,32.0,32.5,500,bruit_chasse
Audio_13,65,32.5,33.0,500,bruit_chasse
Audio_13,66,33.0,33.5,500,bruit_chasse
Audio_13,67,33.5,34.0,500,bruit_chasse
Audio_13,68,34.0,34.5,500,bruit_chasse
Audio_14,0,0.0,0.5,500,bruit_ambiant
Audio_14,1,0.5,1.0,500,bruit_ambiant
Audio_14,2,1.0,1.5,500,bruit_ambiant
Audio_14,3,1.5,2.0,500,bruit_ambiant
Audio_14,4,2.0,2.5,500,bruit_ambiant
Audio_14,5,2.5,3.0,500,bruit_ambiant
Audio_14,6,3.0,3.5,500,bruit_ambiant
Audio_14,7,3.5,4.0,500,bruit_ambiant
Audio_14,8,4.0,4.5,500,bruit_ambiant
Audio_14,9,4.5,5.0,500,bruit_ambiant
Audio_14,10,5.0,5.5,500,bruit_ambiant
Audio_14,11,5.5,6.0,500,bruit_ambiant
Audio_14,12,6.0,6.5,500,bruit_ambiant
Audio_14,13,6.5,7.0,500,bruit_ambiant
Audio_14,14,7.0,7.5,500,bruit_ambiant
Audio_14,15,7.5,8.0,500,bruit_ambiant
Audio_14,16,8.0,8.5,500,bruit_ambiant
Audio_14,17,8.5,9.0,500,bruit_ambiant
Audio_14,18,9.0,9.5,500,bruit_ambiant
Audio_14,19,9.5,10.0,500,bruit_ambiant
Audio_14,20,10.0,10.5,500,bruit_ambiant
Audio_14,21,10.5,11.0,500,bruit_ambiant
Audio_14,22,11.0,11.5,500,bruit_ambiant
Audio_14,23,11.5,12.0,500,bruit_ambiant
Audio_14,24,12.0,12.5,500,bruit_ambiant
Audio_14,25,12.5,13.0,500,bruit_ambiant
Audio_14,26,13.0,13.5,500,bruit_ambiant
Audio_14,27,13.5,14.0,500,bruit_ambiant
Audio_14,28,14.0,14.5,500,miction_active
Audio_14,29,14.5,15.0,500,miction_active
Audio_14,30,15.0,15.5,500,miction_active
Audio_14,31,15.5,16.0,500,miction_active
Audio_14,32,16.0,16.5,500,miction_active
Audio_14,33,16.5,17.0,500,miction_active
Audio_14,34,17.0,17.5,500,miction_active
Audio_14,35,17.5,18.0,500,miction_active
Audio_14,36,18.0,18.5,500,miction_active
Audio_14,37,18.5,19.0,500,miction_active
Audio_14,38,19.0,19.5,500,miction_active
Audio_14,39,19.5,20.0,500,miction_active
Audio_14,40,20.0,20.5,500,miction_active
Audio_14,41,20.5,21.0,500,miction_active
Audio_14,42,21.0,21.5,500,miction_active
Audio_14,43,21.5,22.0,500,miction_active
Audio_14,44,22.0,22.5,500,miction_active
Audio_14,45,22.5,23.0,500,miction_active
Audio_14,46,23.0,23.5,500,miction_active
Audio_14,47,23.5,24.0,500,miction_active
Audio_14,48,24.0,24.5,500,miction_active
Audio_14,49,24.5,25.0,500,miction_active
Audio_14,50,25.0,25.5,500,miction_active
Audio_14,51,25.5,26.0,500,miction_active
Audio_14,52,26.0,26.5,500,miction_active
Audio_14,53,26.5,27.0,500,miction_active
Audio_14,54,27.0,27.5,500,miction_active
Audio_14,55,27.5,28.0,500,miction_active
Audio_14,56,28.0,28.5,500,miction_active
Audio_14,57,28.5,29.0,500,miction_active
Audio_14,58,29.0,29.5,500,miction_active
Audio_14,59,29.5,30.0,500,miction_active
Audio_14,60,30.0,30.5,500,miction_active
Audio_14,61,30.5,31.0,500,miction_active
Audio_14,62,31.0,31.5,500,miction_active
Audio_14,63,31.5,32.0,500,miction_active
Audio_14,64,32.0,32.5,500,miction_active
Audio_14,65,32.5,33.0,500,bruit_ambiant
Audio_14,66,33.0,33.5,500,bruit_ambiant
Audio_14,67,33.5,34.0,500,bruit_ambiant
Audio_14,68,34.0,34.5,500,bruit_ambiant
Audio_14,69,34.5,35.0,500,bruit_ambiant
Audio_14,70,35.0,35.5,500,bruit_ambiant
Audio_14,71,35.5,36.0,500,bruit_ambiant
Audio_14,72,36.0,36.5,500,bruit_ambiant
Audio_14,73,36.5,37.0,500,bruit_ambiant
Audio_14,74,37.0,37.5,500,bruit_ambiant
Audio_14,75,37.5,38.0,500,bruit_ambiant
Audio_14,76,38.0,38.5,500,bruit_ambiant
Audio_14,77,38.5,39.0,500,bruit_ambiant
Audio_14,78,39.0,39.5,500,bruit_ambiant
Audio_14,79,39.5,40.0,500,bruit_ambiant
Audio_14,80,40.0,40.5,500,bruit_ambiant
Audio_14,81,40.5,41.0,500,bruit_ambiant
Audio_14,82,41.0,41.5,500,bruit_ambiant
Audio_14,83,41.5,42.0,500,bruit_chasse
Audio_14,84,42.0,42.5,500,bruit_chasse
Audio_14,85,42.5,43.0,500,bruit_chasse
Audio_14,86,43.0,43.5,500,bruit_chasse
Audio_14,87,43.5,44.0,500,bruit_chasse
Audio_14,88,44.0,44.5,500,bruit_chasse
Audio_14,89,44.5,45.0,500,bruit_chasse
Audio_14,90,45.0,45.5,500,bruit_chasse
Audio_14,91,45.5,46.0,500,bruit_chasse
Audio_14,92,46.0,46.5,500,bruit_chasse
Audio_14,93,46.5,47.0,500,bruit_chasse
Audio_14,94,47.0,47.5,500,bruit_chasse
Audio_14,95,47.5,48.0,500,bruit_chasse
Audio_15,0,0.0,0.5,500,bruit_ambiant
Audio_15,1,0.5,1.0,500,bruit_ambiant
Audio_15,2,1.0,1.5,500,bruit_ambiant
Audio_15,3,1.5,2.0,500,bruit_ambiant
Audio_15,4,2.0,2.5,500,bruit_ambiant
Audio_15,5,2.5,3.0,500,bruit_ambiant
Audio_15,6,3.0,3.5,500,bruit_ambiant
Audio_15,7,3.5,4.0,500,bruit_ambiant
Audio_15,8,4.0,4.5,500,bruit_ambiant
Audio_15,9,4.5,5.0,500,bruit_ambiant
Audio_15,10,5.0,5.5,500,bruit_ambiant
Audio_15,11,5.5,6.0,500,bruit_ambiant
Audio_15,12,6.0,6.5,500,bruit_ambiant
Audio_15,13,6.5,7.0,500,bruit_ambiant
Audio_15,14,7.0,7.5,500,bruit_ambiant
Audio_15,15,7.5,8.0,500,bruit_ambiant
Audio_15,16,8.0,8.5,500,bruit_ambiant
Audio_15,17,8.5,9.0,500,bruit_ambiant
Audio_15,18,9.0,9.5,500,bruit_ambiant
Audio_15,19,9.5,10.0,500,bruit_ambiant
Audio_15,20,10.0,10.5,500,miction_active
Audio_15,21,10.5,11.0,500,miction_active
Audio_15,22,11.0,11.5,500,miction_active
Audio_15,23,11.5,12.0,500,miction_active
Audio_15,24,12.0,12.5,500,miction_active
Audio_15,25,12.5,13.0,500,miction_active
Audio_15,26,13.0,13.5,500,miction_active
Audio_15,27,13.5,14.0,500,miction_active
Audio_15,28,14.0,14.5,500,miction_active
Audio_15,29,14.5,15.0,500,miction_active
Audio_15,30,15.0,15.5,500,miction_active
Audio_15,31,15.5,16.0,500,miction_active
Audio_15,32,16.0,16.5,500,miction_active
Audio_15,33,16.5,17.0,500,miction_active
Audio_15,34,17.0,17.5,500,miction_active
Audio_15,35,17.5,18.0,500,miction_active
Audio_15,36,18.0,18.5,500,miction_active
Audio_15,37,18.5,19.0,500,miction_active
Audio_15,38,19.0,19.5,500,miction_active
Audio_15,39,19.5,20.0,500,miction_active
Audio_15,40,20.0,20.5,500,miction_active
Audio_15,41,20.5,21.0,500,miction_active
Audio_15,42,21.0,21.5,500,miction_active
Audio_15,43,21.5,22.0,500,miction_active
Audio_15,44,22.0,22.5,500,miction_active
Audio_15,45,22.5,23.0,500,miction_active
Audio_15,46,23.0,23.5,500,miction_active
Audio_15,47,23.5,24.0,500,miction_active
Audio_15,48,24.0,24.5,500,miction_active
Audio_15,49,24.5,25.0,500,miction_active
Audio_15,50,25.0,25.5,500,bruit_ambiant
Audio_15,51,25.5,26.0,500,bruit_ambiant
Audio_15,52,26.0,26.5,500,bruit_ambiant
Audio_15,53,26.5,27.0,500,bruit_ambiant
Audio_15,54,27.0,27.5,500,bruit_ambiant
Audio_15,55,27.5,28.0,500,bruit_ambiant
Audio_15,56,28.0,28.5,500,bruit_ambiant
Audio_15,57,28.5,29.0,500,bruit_ambiant
Audio_15,58,29.0,29.5,500,bruit_ambiant
Audio_15,59,29.5,30.0,500,bruit_ambiant
Audio_15,60,30.0,30.5,500,bruit_ambiant
Audio_15,61,30.5,31.0,500,bruit_ambiant
Audio_15,62,31.0,31.5,500,bruit_ambiant
Audio_15,63,31.5,32.0,500,bruit_chasse
Audio_15,64,32.0,32.5,500,bruit_chasse
Audio_15,65,32.5,33.0,500,bruit_chasse
Audio_15,66,33.0,33.5,500,bruit_chasse
Audio_15,67,33.5,34.0,500,bruit_chasse
Audio_15,68,34.0,34.5,500,bruit_chasse
Audio_15,69,34.5,35.0,500,bruit_chasse
Audio_15,70,35.0,35.5,500,bruit_chasse
Audio_15,71,35.5,36.0,500,bruit_chasse
Audio_15,72,36.0,36.5,500,bruit_chasse
Audio_15,73,36.5,37.0,500,bruit_chasse
Audio_16,0,0.0,0.5,500,bruit_ambiant
Audio_16,1,0.5,1.0,500,bruit_ambiant
Audio_16,2,1.0,1.5,500,bruit_ambiant
Audio_16,3,1.5,2.0,500,bruit_ambiant
Audio_16,4,2.0,2.5,500,bruit_ambiant
Audio_16,5,2.5,3.0,500,bruit_ambiant
Audio_16,6,3.0,3.5,500,bruit_ambiant
Audio_16,7,3.5,4.0,500,bruit_ambiant
Audio_16,8,4.0,4.5,500,bruit_ambiant
Audio_16,9,4.5,5.0,500,bruit_ambiant
Audio_16,10,5.0,5.5,500,bruit_ambiant
Audio_16,11,5.5,6.0,500,bruit_ambiant
Audio_16,12,6.0,6.5,500,bruit_ambiant
Audio_16,13,6.5,7.0,500,bruit_ambiant
Audio_16,14,7.0,7.5,500,bruit_ambiant
Audio_16,15,7.5,8.0,500,bruit_ambiant
Audio_16,16,8.0,8.5,500,bruit_ambiant
Audio_16,17,8.5,9.0,500,bruit_ambiant
Audio_16,18,9.0,9.5,500,bruit_ambiant
Audio_16,19,9.5,10.0,500,bruit_ambiant
Audio_16,20,10.0,10.5,500,bruit_ambiant
Audio_16,21,10.5,11.0,500,bruit_ambiant
Audio_16,22,11.0,11.5,500,bruit_ambiant
Audio_16,23,11.5,12.0,500,bruit_ambiant
Audio_16,24,12.0,12.5,500,bruit_ambiant
Audio_16,25,12.5,13.0,500,bruit_ambiant
Audio_16,26,13.0,13.5,500,miction_active
Audio_16,27,13.5,14.0,500,miction_active
Audio_16,28,14.0,14.5,500,miction_active
Audio_16,29,14.5,15.0,500,miction_active
Audio_16,30,15.0,15.5,500,miction_active
Audio_16,31,15.5,16.0,500,miction_active
Audio_16,32,16.0,16.5,500,miction_active
Audio_16,33,16.5,17.0,500,miction_active
Audio_16,34,17.0,17.5,500,miction_active
Audio_16,35,17.5,18.0,500,miction_active
Audio_16,36,18.0,18.5,500,miction_active
Audio_16,37,18.5,19.0,500,miction_active
Audio_16,38,19.0,19.5,500,miction_active
Audio_16,39,19.5,20.0,500,miction_active
Audio_16,40,20.0,20.5,500,miction_active
Audio_16,41,20.5,21.0,500,miction_active
Audio_16,42,21.0,21.5,500,miction_active
Audio_16,43,21.5,22.0,500,miction_active
Audio_16,44,22.0,22.5,500,miction_active
Audio_16,45,22.5,23.0,500,miction_active
Audio_16,46,23.0,23.5,500,miction_active
Audio_16,47,23.5,24.0,500,miction_active
Audio_16,48,24.0,24.5,500,miction_active
Audio_16,49,24.5,25.0,500,miction_active
Audio_16,50,25.0,25.5,500,miction_active
Audio_16,51,25.5,26.0,500,miction_active
Audio_16,52,26.0,26.5,500,miction_active
Audio_16,53,26.5,27.0,500,miction_active
Audio_16,54,27.0,27.5,500,miction_active
Audio_16,55,27.5,28.0,500,miction_active
Audio_16,56,28.0,28.5,500,miction_active
Audio_16,57,28.5,29.0,500,miction_active
Audio_16,58,29.0,29.5,500,miction_active
Audio_16,59,29.5,30.0,500,miction_active
Audio_16,60,30.0,30.5,500,silence
Audio_16,61,30.5,31.0,500,silence
Audio_16,62,31.0,31.5,500,silence
Audio_16,63,31.5,32.0,500,silence
Audio_16,64,32.0,32.5,500,silence
Audio_16,65,32.5,33.0,500,silence
Audio_16,66,33.0,33.5,500,silence
Audio_16,67,33.5,34.0,500,silence
Audio_16,68,34.0,34.5,500,silence
Audio_16,69,34.5,35.0,500,silence
Audio_16,70,35.0,35.5,500,silence
Audio_16,71,35.5,36.0,500,silence
Audio_16,72,36.0,36.5,500,silence
Audio_16,73,36.5,37.0,500,silence
Audio_16,74,37.0,37.5,500,silence
Audio_16,75,37.5,38.0,500,silence
Audio_16,76,38.0,38.5,500,silence
Audio_16,77,38.5,39.0,500,silence
Audio_16,78,39.0,39.5,500,silence
Audio_16,79,39.5,40.0,500,silence
Audio_16,80,40.0,40.5,500,bruit_chasse
Audio_16,81,40.5,41.0,500,bruit_chasse
Audio_16,82,41.0,41.5,500,bruit_chasse
Audio_16,83,41.5,42.0,500,bruit_chasse
Audio_16,84,42.0,42.5,500,bruit_chasse
Audio_17,0,0.0,0.5,500,bruit_ambiant
Audio_17,1,0.5,1.0,500,bruit_ambiant
Audio_17,2,1.0,1.5,500,bruit_ambiant
Audio_17,3,1.5,2.0,500,bruit_ambiant
Audio_17,4,2.0,2.5,500,bruit_ambiant
Audio_17,5,2.5,3.0,500,bruit_ambiant
Audio_17,6,3.0,3.5,500,bruit_ambiant
Audio_17,7,3.5,4.0,500,bruit_ambiant
Audio_17,8,4.0,4.5,500,bruit_ambiant
Audio_17,9,4.5,5.0,500,bruit_ambiant
Audio_17,10,5.0,5.5,500,bruit_ambiant
Audio_17,11,5.5,6.0,500,bruit_ambiant
Audio_17,12,6.0,6.5,500,bruit_ambiant
Audio_17,13,6.5,7.0,500,bruit_ambiant
Audio_17,14,7.0,7.5,500,bruit_ambiant
Audio_17,15,7.5,8.0,500,bruit_ambiant
Audio_17,16,8.0,8.5,500,bruit_ambiant
Audio_17,17,8.5,9.0,500,bruit_ambiant
Audio_17,18,9.0,9.5,500,bruit_ambiant
Audio_17,19,9.5,10.0,500,bruit_ambiant
Audio_17,20,10.0,10.5,500,miction_active
Audio_17,21,10.5,11.0,500,miction_active
Audio_17,22,11.0,11.5,500,miction_active
Audio_17,23,11.5,12.0,500,miction_active
Audio_17,24,12.0,12.5,500,miction_active
Audio_17,25,12.5,13.0,500,miction_active
Audio_17,26,13.0,13.5,500,miction_active
Audio_17,27,13.5,14.0,500,miction_active
Audio_17,28,14.0,14.5,500,miction_active
Audio_17,29,14.5,15.0,500,miction_active
Audio_17,30,15.0,15.5,500,miction_active
Audio_17,31,15.5,16.0,500,miction_active
Audio_17,32,16.0,16.5,500,miction_active
Audio_17,33,16.5,17.0,500,miction_active
Audio_17,34,17.0,17.5,500,miction_active
Audio_17,35,17.5,18.0,500,miction_active
Audio_17,36,18.0,18.5,500,miction_active
Audio_17,37,18.5,19.0,500,miction_active
Audio_17,38,19.0,19.5,500,miction_active
Audio_17,39,19.5,20.0,500,miction_active
Audio_17,40,20.0,20.5,500,miction_active
Audio_17,41,20.5,21.0,500,miction_active
Audio_17,42,21.0,21.5,500,miction_active
Audio_17,43,21.5,22.0,500,miction_active
Audio_17,44,22.0,22.5,500,miction_active
Audio_17,45,22.5,23.0,500,miction_active
Audio_17,46,23.0,23.5,500,miction_active
Audio_17,47,23.5,24.0,500,miction_active
Audio_17,48,24.0,24.5,500,miction_active
Audio_17,49,24.5,25.0,500,miction_active
Audio_17,50,25.0,25.5,500,miction_active
Audio_17,51,25.5,26.0,500,miction_active
Audio_18,0,0.0,0.5,500,bruit_ambiant
Audio_18,1,0.5,1.0,500,bruit_ambiant
Audio_18,2,1.0,1.5,500,bruit_ambiant
Audio_18,3,1.5,2.0,500,bruit_ambiant
Audio_18,4,2.0,2.5,500,bruit_ambiant
Audio_18,5,2.5,3.0,500,bruit_ambiant
Audio_18,6,3.0,3.5,500,bruit_ambiant
Audio_18,7,3.5,4.0,500,bruit_ambiant
Audio_18,8,4.0,4.5,500,bruit_ambiant
Audio_18,9,4.5,5.0,500,bruit_ambiant
Audio_18,10,5.0,5.5,500,bruit_ambiant
Audio_18,11,5.5,6.0,500,bruit_ambiant
Audio_18,12,6.0,6.5,500,bruit_ambiant
Audio_18,13,6.5,7.0,500,bruit_ambiant
Audio_18,14,7.0,7.5,500,bruit_ambiant
Audio_18,15,7.5,8.0,500,bruit_ambiant
Audio_18,16,8.0,8.5,500,bruit_ambiant
Audio_18,17,8.5,9.0,500,bruit_ambiant
Audio_18,18,9.0,9.5,500,bruit_ambiant
Audio_18,19,9.5,10.0,500,bruit_ambiant
Audio_18,20,10.0,10.5,500,bruit_ambiant
Audio_18,21,10.5,11.0,500,bruit_ambiant
Audio_18,22,11.0,11.5,500,bruit_ambiant
Audio_18,23,11.5,12.0,500,bruit_ambiant
Audio_18,24,12.0,12.5,500,miction_active
Audio_18,25,12.5,13.0,500,miction_active
Audio_18,26,13.0,13.5,500,miction_active
Audio_18,27,13.5,14.0,500,miction_active
Audio_18,28,14.0,14.5,500,miction_active
Audio_18,29,14.5,15.0,500,miction_active
Audio_18,30,15.0,15.5,500,miction_active
Audio_18,31,15.5,16.0,500,miction_active
Audio_18,32,16.0,16.5,500,miction_active
Audio_18,33,16.5,17.0,500,miction_active
Audio_18,34,17.0,17.5,500,miction_active
Audio_18,35,17.5,18.0,500,miction_active
Audio_18,36,18.0,18.5,500,miction_active
Audio_18,37,18.5,19.0,500,miction_active
Audio_18,38,19.0,19.5,500,miction_active
Audio_18,39,19.5,20.0,500,miction_active
Audio_18,40,20.0,20.5,500,miction_active
Audio_18,41,20.5,21.0,500,miction_active
Audio_18,42,21.0,21.5,500,miction_active
Audio_18,43,21.5,22.0,500,miction_active
Audio_18,44,22.0,22.5,500,miction_active
Audio_18,45,22.5,23.0,500,miction_active
Audio_18,46,23.0,23.5,500,miction_active
Audio_18,47,23.5,24.0,500,miction_active
Audio_18,48,24.0,24.5,500,miction_active
Audio_18,49,24.5,25.0,500,miction_active
Audio_18,50,25.0,25.5,500,miction_active
Audio_18,51,25.5,26.0,500,miction_active
Audio_18,52,26.0,26.5,500,miction_active
Audio_18,53,26.5,27.0,500,miction_active
Audio_18,54,27.0,27.5,500,miction_active
Audio_18,55,27.5,28.0,500,miction_active
Audio_18,56,28.0,28.5,500,miction_active
Audio_18,57,28.5,29.0,500,miction_active
Audio_18,58,29.0,29.5,500,miction_active
Audio_18,59,29.5,30.0,500,miction_active
Audio_18,60,30.0,30.5,500,miction_active
Audio_18,61,30.5,31.0,500,miction_active
Audio_18,62,31.0,31.5,500,miction_active
Audio_18,63,31.5,32.0,500,miction_active
Audio_18,64,32.0,32.5,500,miction_active
Audio_18,65,32.5,33.0,500,miction_active
Audio_18,66,33.0,33.5,500,miction_active
Audio_18,67,33.5,34.0,500,miction_active
Audio_18,68,34.0,34.5,500,miction_active
Audio_18,69,34.5,35.0,500,miction_active
Audio_18,70,35.0,35.5,500,bruit_chasse
Audio_18,71,35.5,36.0,500,bruit_chasse
Audio_18,72,36.0,36.5,500,bruit_chasse
Audio_18,73,36.5,37.0,500,bruit_chasse
Audio_18,74,37.0,37.5,500,bruit_chasse
Audio_19,0,0.0,0.5,500,silence
Audio_19,1,0.5,1.0,500,silence
Audio_19,2,1.0,1.5,500,silence
Audio_19,3,1.5,2.0,500,silence
Audio_19,4,2.0,2.5,500,silence
Audio_19,5,2.5,3.0,500,silence
Audio_19,6,3.0,3.5,500,silence
Audio_19,7,3.5,4.0,500,silence
Audio_19,8,4.0,4.5,500,silence
Audio_19,9,4.5,5.0,500,silence
Audio_19,10,5.0,5.5,500,silence
Audio_19,11,5.5,6.0,500,silence
Audio_19,12,6.0,6.5,500,silence
Audio_19,13,6.5,7.0,500,silence
Audio_19,14,7.0,7.5,500,silence
Audio_19,15,7.5,8.0,500,silence
Audio_19,16,8.0,8.5,500,silence
Audio_19,17,8.5,9.0,500,silence
Audio_19,18,9.0,9.5,500,silence
Audio_19,19,9.5,10.0,500,silence
Audio_19,20,10.0,10.5,500,miction_active
Audio_19,21,10.5,11.0,500,miction_active
Audio_19,22,11.0,11.5,500,miction_active
Audio_19,23,11.5,12.0,500,miction_active
Audio_19,24,12.0,12.5,500,miction_active
Audio_19,25,12.5,13.0,500,miction_active
Audio_19,26,13.0,13.5,500,miction_active
Audio_19,27,13.5,14.0,500,miction_active
Audio_19,28,14.0,14.5,500,miction_active
Audio_19,29,14.5,15.0,500,miction_active
Audio_19,30,15.0,15.5,500,miction_active
Audio_19,31,15.5,16.0,500,miction_active
Audio_19,32,16.0,16.5,500,miction_active
Audio_19,33,16.5,17.0,500,miction_active
Audio_19,34,17.0,17.5,500,miction_active
Audio_19,35,17.5,18.0,500,miction_active
Audio_19,36,18.0,18.5,500,miction_active
Audio_19,37,18.5,19.0,500,miction_active
Audio_19,38,19.0,19.5,500,silence
Audio_19,39,19.5,20.0,500,silence
Audio_19,40,20.0,20.5,500,silence
Audio_19,41,20.5,21.0,500,silence
Audio_19,42,21.0,21.5,500,silence
Audio_19,43,21.5,22.0,500,silence
Audio_19,44,22.0,22.5,500,silence
Audio_19,45,22.5,23.0,500,silence
Audio_19,46,23.0,23.5,500,bruit_chasse
Audio_19,47,23.5,24.0,500,bruit_chasse
Audio_19,48,24.0,24.5,500,bruit_chasse
Audio_19,49,24.5,25.0,500,bruit_chasse
Audio_19,50,25.0,25.5,500,bruit_chasse
Audio_19,51,25.5,26.0,500,bruit_chasse
Audio_19,52,26.0,26.5,500,bruit_chasse
Audio_19,53,26.5,27.0,500,bruit_chasse
Audio_19,54,27.0,27.5,500,bruit_chasse
Audio_19,55,27.5,28.0,500,bruit_chasse
Audio_19,56,28.0,28.5,500,bruit_chasse
Audio_19,57,28.5,29.0,500,bruit_chasse
Audio_19,58,29.0,29.5,500,bruit_chasse
Audio_19,59,29.5,30.0,500,bruit_chasse
Audio_19,60,30.0,30.5,500,bruit_chasse
Audio_2,0,0.0,0.5,500,bruit_ambiant
Audio_2,1,0.5,1.0,500,bruit_ambiant
Audio_2,2,1.0,1.5,500,bruit_ambiant
Audio_2,3,1.5,2.0,500,bruit_ambiant
Audio_2,4,2.0,2.5,500,bruit_ambiant
Audio_2,5,2.5,3.0,500,bruit_ambiant
Audio_2,6,3.0,3.5,500,bruit_ambiant
Audio_2,7,3.5,4.0,500,bruit_ambiant
Audio_2,8,4.0,4.5,500,bruit_ambiant
Audio_2,9,4.5,5.0,500,bruit_ambiant
Audio_2,10,5.0,5.5,500,bruit_ambiant
Audio_2,11,5.5,6.0,500,bruit_ambiant
Audio_2,12,6.0,6.5,500,bruit_ambiant
Audio_2,13,6.5,7.0,500,bruit_ambiant
Audio_2,14,7.0,7.5,500,bruit_ambiant
Audio_2,15,7.5,8.0,500,bruit_ambiant
Audio_2,16,8.0,8.5,500,bruit_ambiant
Audio_2,17,8.5,9.0,500,bruit_ambiant
Audio_2,18,9.0,9.5,500,bruit_ambiant
Audio_2,19,9.5,10.0,500,bruit_ambiant
Audio_2,20,10.0,10.5,500,bruit_ambiant
Audio_2,21,10.5,11.0,500,bruit_ambiant
Audio_2,22,11.0,11.5,500,bruit_ambiant
Audio_2,23,11.5,12.0,500,bruit_ambiant
Audio_2,24,12.0,12.5,500,miction_active
Audio_2,25,12.5,13.0,500,miction_active
Audio_2,26,13.0,13.5,500,miction_active
Audio_2,27,13.5,14.0,500,miction_active
Audio_2,28,14.0,14.5,500,miction_active
Audio_2,29,14.5,15.0,500,miction_active
Audio_2,30,15.0,15.5,500,miction_active
Audio_2,31,15.5,16.0,500,miction_active
Audio_2,32,16.0,16.5,500,miction_active
Audio_2,33,16.5,17.0,500,miction_active
Audio_2,34,17.0,17.5,500,miction_active
Audio_2,35,17.5,18.0,500,miction_active
Audio_2,36,18.0,18.5,500,miction_active
Audio_2,37,18.5,19.0,500,miction_active
Audio_2,38,19.0,19.5,500,miction_active
Audio_2,39,19.5,20.0,500,miction_active
Audio_2,40,20.0,20.5,500,miction_active
Audio_2,41,20.5,21.0,500,miction_active
Audio_2,42,21.0,21.5,500,miction_active
Audio_2,43,21.5,22.0,500,miction_active
Audio_2,44,22.0,22.5,500,miction_active
Audio_2,45,22.5,23.0,500,miction_active
Audio_2,46,23.0,23.5,500,miction_active
Audio_2,47,23.5,24.0,500,miction_active
Audio_2,48,24.0,24.5,500,miction_active
Audio_2,49,24.5,25.0,500,miction_active
Audio_2,50,25.0,25.5,500,miction_active
Audio_2,51,25.5,26.0,500,miction_active
Audio_2,52,26.0,26.5,500,miction_active
Audio_2,53,26.5,27.0,500,miction_active
Audio_2,54,27.0,27.5,500,miction_active
Audio_2,55,27.5,28.0,500,miction_active
Audio_2,56,28.0,28.5,500,miction_active
Audio_2,57,28.5,29.0,500,miction_active
Audio_2,58,29.0,29.5,500,miction_active
Audio_2,59,29.5,30.0,500,miction_active
Audio_2,60,30.0,30.5,500,miction_active
Audio_2,61,30.5,31.0,500,miction_active
Audio_2,62,31.0,31.5,500,miction_active
Audio_2,63,31.5,32.0,500,miction_active
Audio_2,64,32.0,32.5,500,miction_active
Audio_2,65,32.5,33.0,500,miction_active
Audio_2,66,33.0,33.5,500,miction_active
Audio_2,67,33.5,34.0,500,miction_active
Audio_2,68,34.0,34.5,500,miction_active
Audio_2,69,34.5,35.0,500,miction_active
Audio_2,70,35.0,35.5,500,miction_active
Audio_2,71,35.5,36.0,500,miction_active
Audio_2,72,36.0,36.5,500,miction_active
Audio_2,73,36.5,37.0,500,miction_active
Audio_2,74,37.0,37.5,500,bruit_chasse
Audio_2,75,37.5,38.0,500,bruit_chasse
Audio_2,76,38.0,38.5,500,bruit_chasse
Audio_2,77,38.5,39.0,500,bruit_chasse
Audio_2,78,39.0,39.5,500,bruit_chasse
Audio_2,79,39.5,40.0,500,bruit_chasse
Audio_2,80,40.0,40.5,500,bruit_chasse
Audio_2,81,40.5,41.0,500,bruit_chasse
Audio_2,82,41.0,41.5,500,bruit_chasse
Audio_2,83,41.5,42.0,500,bruit_chasse
Audio_2,84,42.0,42.5,500,bruit_chasse
Audio_2,85,42.5,43.0,500,bruit_chasse
Audio_2,86,43.0,43.5,500,bruit_chasse
Audio_2,87,43.5,44.0,500,bruit_chasse
Audio_2,88,44.0,44.5,500,bruit_chasse
Audio_2,89,44.5,45.0,500,bruit_chasse
Audio_2,90,45.0,45.5,500,bruit_chasse
Audio_2,91,45.5,46.0,500,bruit_chasse
Audio_2,92,46.0,46.5,500,bruit_chasse
Audio_2,93,46.5,47.0,500,bruit_chasse
Audio_2,94,47.0,47.5,500,bruit_chasse
Audio_2,95,47.5,48.0,500,bruit_chasse
Audio_20,0,0.0,0.5,500,bruit_ambiant
Audio_20,1,0.5,1.0,500,bruit_ambiant
Audio_20,2,1.0,1.5,500,bruit_ambiant
Audio_20,3,1.5,2.0,500,bruit_ambiant
Audio_20,4,2.0,2.5,500,bruit_ambiant
Audio_20,5,2.5,3.0,500,bruit_ambiant
Audio_20,6,3.0,3.5,500,bruit_ambiant
Audio_20,7,3.5,4.0,500,bruit_ambiant
Audio_20,8,4.0,4.5,500,bruit_ambiant
Audio_20,9,4.5,5.0,500,bruit_ambiant
Audio_20,10,5.0,5.5,500,bruit_ambiant
Audio_20,11,5.5,6.0,500,bruit_ambiant
Audio_20,12,6.0,6.5,500,bruit_ambiant
Audio_20,13,6.5,7.0,500,bruit_ambiant
Audio_20,14,7.0,7.5,500,bruit_ambiant
Audio_20,15,7.5,8.0,500,bruit_ambiant
Audio_20,16,8.0,8.5,500,bruit_ambiant
Audio_20,17,8.5,9.0,500,bruit_ambiant
Audio_20,18,9.0,9.5,500,bruit_ambiant
Audio_20,19,9.5,10.0,500,bruit_ambiant
Audio_20,20,10.0,10.5,500,bruit_ambiant
Audio_20,21,10.5,11.0,500,bruit_ambiant
Audio_20,22,11.0,11.5,500,bruit_ambiant
Audio_20,23,11.5,12.0,500,bruit_ambiant
Audio_20,24,12.0,12.5,500,bruit_ambiant
Audio_20,25,12.5,13.0,500,bruit_ambiant
Audio_20,26,13.0,13.5,500,bruit_ambiant
Audio_20,27,13.5,14.0,500,bruit_ambiant
Audio_20,28,14.0,14.5,500,bruit_ambiant
Audio_20,29,14.5,15.0,500,bruit_ambiant
Audio_20,30,15.0,15.5,500,bruit_ambiant
Audio_20,31,15.5,16.0,500,bruit_ambiant
Audio_20,32,16.0,16.5,500,bruit_ambiant
Audio_20,33,16.5,17.0,500,bruit_ambiant
Audio_20,34,17.0,17.5,500,bruit_ambiant
Audio_20,35,17.5,18.0,500,bruit_ambiant
Audio_20,36,18.0,18.5,500,bruit_ambiant
Audio_20,37,18.5,19.0,500,bruit_ambiant
Audio_20,38,19.0,19.5,500,bruit_ambiant
Audio_20,39,19.5,20.0,500,bruit_ambiant
Audio_20,40,20.0,20.5,500,miction_active
Audio_20,41,20.5,21.0,500,miction_active
Audio_20,42,21.0,21.5,500,miction_active
Audio_20,43,21.5,22.0,500,miction_active
Audio_20,44,22.0,22.5,500,miction_active
Audio_20,45,22.5,23.0,500,miction_active
Audio_20,46,23.0,23.5,500,miction_active
Audio_20,47,23.5,24.0,500,miction_active
Audio_20,48,24.0,24.5,500,miction_active
Audio_20,49,24.5,25.0,500,miction_active
Audio_20,50,25.0,25.5,500,miction_active
Audio_20,51,25.5,26.0,500,miction_active
Audio_20,52,26.0,26.5,500,miction_active
Audio_20,53,26.5,27.0,500,miction_active
Audio_20,54,27.0,27.5,500,miction_active
Audio_20,55,27.5,28.0,500,miction_active
Audio_20,56,28.0,28.5,500,miction_active
Audio_20,57,28.5,29.0,500,miction_active
Audio_20,58,29.0,29.5,500,miction_active
Audio_20,59,29.5,30.0,500,miction_active
Audio_20,60,30.0,30.5,500,miction_active
Audio_20,61,30.5,31.0,500,miction_active
Audio_20,62,31.0,31.5,500,miction_active
Audio_20,63,31.5,32.0,500,miction_active
Audio_20,64,32.0,32.5,500,miction_active
Audio_20,65,32.5,33.0,500,miction_active
Audio_20,66,33.0,33.5,500,miction_active
Audio_20,67,33.5,34.0,500,miction_active
Audio_20,68,34.0,34.5,500,miction_active
Audio_20,69,34.5,35.0,500,miction_active
Audio_20,70,35.0,35.5,500,miction_active
Audio_20,71,35.5,36.0,500,miction_active
Audio_20,72,36.0,36.5,500,miction_active
Audio_20,73,36.5,37.0,500,miction_active
Audio_20,74,37.0,37.5,500,miction_active
Audio_20,75,37.5,38.0,500,miction_active
Audio_20,76,38.0,38.5,500,miction_active
Audio_20,77,38.5,39.0,500,miction_active
Audio_20,78,39.0,39.5,500,miction_active
Audio_20,79,39.5,40.0,500,miction_active
Audio_20,80,40.0,40.5,500,silence
Audio_20,81,40.5,41.0,500,silence
Audio_20,82,41.0,41.5,500,silence
Audio_20,83,41.5,42.0,500,silence
Audio_20,84,42.0,42.5,500,silence
Audio_20,85,42.5,43.0,500,silence
Audio_20,86,43.0,43.5,500,bruit_chasse
Audio_20,87,43.5,44.0,500,bruit_chasse
Audio_20,88,44.0,44.5,500,bruit_chasse
Audio_20,89,44.5,45.0,500,bruit_chasse
Audio_20,90,45.0,45.5,500,bruit_chasse
Audio_20,91,45.5,46.0,500,bruit_chasse
Audio_20,92,46.0,46.5,500,bruit_chasse
Audio_20,93,46.5,47.0,500,bruit_chasse
Audio_20,94,47.0,47.5,500,bruit_chasse
Audio_20,95,47.5,48.0,500,bruit_chasse
Audio_20,96,48.0,48.5,500,bruit_chasse
Audio_3,0,0.0,0.5,500,silence
Audio_3,1,0.5,1.0,500,silence
Audio_3,2,1.0,1.5,500,silence
Audio_3,3,1.5,2.0,500,silence
Audio_3,4,2.0,2.5,500,silence
Audio_3,5,2.5,3.0,500,silence
Audio_3,6,3.0,3.5,500,silence
Audio_3,7,3.5,4.0,500,silence
Audio_3,8,4.0,4.5,500,silence
Audio_3,9,4.5,5.0,500,silence
Audio_3,10,5.0,5.5,500,silence
Audio_3,11,5.5,6.0,500,silence
Audio_3,12,6.0,6.5,500,miction_active
Audio_3,13,6.5,7.0,500,miction_active
Audio_3,14,7.0,7.5,500,miction_active
Audio_3,15,7.5,8.0,500,miction_active
Audio_3,16,8.0,8.5,500,miction_active
Audio_3,17,8.5,9.0,500,miction_active
Audio_3,18,9.0,9.5,500,miction_active
Audio_3,19,9.5,10.0,500,miction_active
Audio_3,20,10.0,10.5,500,miction_active
Audio_3,21,10.5,11.0,500,miction_active
Audio_3,22,11.0,11.5,500,miction_active
Audio_3,23,11.5,12.0,500,miction_active
Audio_3,24,12.0,12.5,500,miction_active
Audio_3,25,12.5,13.0,500,miction_active
Audio_3,26,13.0,13.5,500,miction_active
Audio_3,27,13.5,14.0,500,miction_active
Audio_3,28,14.0,14.5,500,miction_active
Audio_3,29,14.5,15.0,500,miction_active
Audio_3,30,15.0,15.5,500,miction_active
Audio_3,31,15.5,16.0,500,miction_active
Audio_3,32,16.0,16.5,500,miction_active
Audio_3,33,16.5,17.0,500,miction_active
Audio_3,34,17.0,17.5,500,miction_active
Audio_3,35,17.5,18.0,500,miction_active
Audio_3,36,18.0,18.5,500,silence
Audio_3,37,18.5,19.0,500,silence
Audio_3,38,19.0,19.5,500,silence
Audio_3,39,19.5,20.0,500,silence
Audio_3,40,20.0,20.5,500,silence
Audio_3,41,20.5,21.0,500,silence
Audio_3,42,21.0,21.5,500,silence
Audio_3,43,21.5,22.0,500,silence
Audio_3,44,22.0,22.5,500,silence
Audio_3,45,22.5,23.0,500,silence
Audio_3,46,23.0,23.5,500,silence
Audio_3,47,23.5,24.0,500,silence
Audio_3,48,24.0,24.5,500,bruit_chasse
Audio_3,49,24.5,25.0,500,bruit_chasse
Audio_3,50,25.0,25.5,500,bruit_chasse
Audio_3,51,25.5,26.0,500,bruit_chasse
Audio_3,52,26.0,26.5,500,bruit_chasse
Audio_3,53,26.5,27.0,500,bruit_chasse
Audio_3,54,27.0,27.5,500,bruit_chasse
Audio_3,55,27.5,28.0,500,bruit_chasse
Audio_3,56,28.0,28.5,500,bruit_chasse
Audio_3,57,28.5,29.0,500,bruit_chasse
Audio_3,58,29.0,29.5,500,bruit_chasse
Audio_3,59,29.5,30.0,500,bruit_chasse
Audio_3,60,30.0,30.5,500,bruit_chasse
Audio_4,0,0.0,0.5,500,bruit_ambiant
Audio_4,1,0.5,1.0,500,bruit_ambiant
Audio_4,2,1.0,1.5,500,bruit_ambiant
Audio_4,3,1.5,2.0,500,bruit_ambiant
Audio_4,4,2.0,2.5,500,bruit_ambiant
Audio_4,5,2.5,3.0,500,bruit_ambiant
Audio_4,6,3.0,3.5,500,bruit_ambiant
Audio_4,7,3.5,4.0,500,bruit_ambiant
Audio_4,8,4.0,4.5,500,bruit_ambiant
Audio_4,9,4.5,5.0,500,bruit_ambiant
Audio_4,10,5.0,5.5,500,bruit_ambiant
Audio_4,11,5.5,6.0,500,bruit_ambiant
Audio_4,12,6.0,6.5,500,bruit_ambiant
Audio_4,13,6.5,7.0,500,bruit_ambiant
Audio_4,14,7.0,7.5,500,bruit_ambiant
Audio_4,15,7.5,8.0,500,bruit_ambiant
Audio_4,16,8.0,8.5,500,bruit_ambiant
Audio_4,17,8.5,9.0,500,bruit_ambiant
Audio_4,18,9.0,9.5,500,bruit_ambiant
Audio_4,19,9.5,10.0,500,bruit_ambiant
Audio_4,20,10.0,10.5,500,bruit_ambiant
Audio_4,21,10.5,11.0,500,bruit_ambiant
Audio_4,22,11.0,11.5,500,bruit_ambiant
Audio_4,23,11.5,12.0,500,bruit_ambiant
Audio_4,24,12.0,12.5,500,bruit_ambiant
Audio_4,25,12.5,13.0,500,bruit_ambiant
Audio_4,26,13.0,13.5,500,bruit_ambiant
Audio_4,27,13.5,14.0,500,bruit_ambiant
Audio_4,28,14.0,14.5,500,bruit_ambiant
Audio_4,29,14.5,15.0,500,bruit_ambiant
Audio_4,30,15.0,15.5,500,miction_active
Audio_4,31,15.5,16.0,500,miction_active
Audio_4,32,16.0,16.5,500,miction_active
Audio_4,33,16.5,17.0,500,miction_active
Audio_4,34,17.0,17.5,500,miction_active
Audio_4,35,17.5,18.0,500,miction_active
Audio_4,36,18.0,18.5,500,miction_active
Audio_4,37,18.5,19.0,500,miction_active
Audio_4,38,19.0,19.5,500,miction_active
Audio_4,39,19.5,20.0,500,miction_active
Audio_4,40,20.0,20.5,500,miction_active
Audio_4,41,20.5,21.0,500,miction_active
Audio_4,42,21.0,21.5,500,miction_active
Audio_4,43,21.5,22.0,500,miction_active
Audio_4,44,22.0,22.5,500,miction_active
Audio_4,45,22.5,23.0,500,miction_active
Audio_4,46,23.0,23.5,500,miction_active
Audio_4,47,23.5,24.0,500,miction_active
Audio_4,48,24.0,24.5,500,miction_active
Audio_4,49,24.5,25.0,500,miction_active
Audio_4,50,25.0,25.5,500,miction_active
Audio_4,51,25.5,26.0,500,miction_active
Audio_4,52,26.0,26.5,500,miction_active
Audio_4,53,26.5,27.0,500,miction_active
Audio_4,54,27.0,27.5,500,miction_active
Audio_4,55,27.5,28.0,500,miction_active
Audio_4,56,28.0,28.5,500,miction_active
Audio_4,57,28.5,29.0,500,miction_active
Audio_4,58,29.0,29.5,500,miction_active
Audio_4,59,29.5,30.0,500,miction_active
Audio_4,60,30.0,30.5,500,miction_active
Audio_4,61,30.5,31.0,500,miction_active
Audio_4,62,31.0,31.5,500,miction_active
Audio_4,63,31.5,32.0,500,miction_active
Audio_4,64,32.0,32.5,500,miction_active
Audio_4,65,32.5,33.0,500,miction_active
Audio_4,66,33.0,33.5,500,miction_active
Audio_4,67,33.5,34.0,500,miction_active
Audio_4,68,34.0,34.5,500,miction_active
Audio_4,69,34.5,35.0,500,miction_active
Audio_4,70,35.0,35.5,500,miction_active
Audio_4,71,35.5,36.0,500,miction_active
Audio_4,72,36.0,36.5,500,miction_active
Audio_4,73,36.5,37.0,500,miction_active
Audio_4,74,37.0,37.5,500,silence
Audio_4,75,37.5,38.0,500,silence
Audio_4,76,38.0,38.5,500,silence
Audio_4,77,38.5,39.0,500,silence
Audio_4,78,39.0,39.5,500,silence
Audio_4,79,39.5,40.0,500,silence
Audio_4,80,40.0,40.5,500,silence
Audio_4,81,40.5,41.0,500,silence
Audio_4,82,41.0,41.5,500,silence
Audio_4,83,41.5,42.0,500,silence
Audio_4,84,42.0,42.5,500,bruit_chasse
Audio_4,85,42.5,43.0,500,bruit_chasse
Audio_4,86,43.0,43.5,500,bruit_chasse
Audio_4,87,43.5,44.0,500,bruit_chasse
Audio_4,88,44.0,44.5,500,bruit_chasse
Audio_4,89,44.5,45.0,500,bruit_chasse
Audio_4,90,45.0,45.5,500,bruit_chasse
Audio_4,91,45.5,46.0,500,bruit_chasse
Audio_4,92,46.0,46.5,500,bruit_chasse
Audio_4,93,46.5,47.0,500,bruit_chasse
Audio_4,94,47.0,47.5,500,bruit_chasse
Audio_4,95,47.5,48.0,500,bruit_chasse
Audio_4,96,48.0,48.5,500,bruit_chasse
Audio_4,97,48.5,49.0,500,bruit_chasse
Audio_4,98,49.0,49.5,500,bruit_chasse
Audio_4,99,49.5,50.0,500,bruit_chasse
Audio_4,100,50.0,50.5,500,bruit_chasse
Audio_4,101,50.5,51.0,500,bruit_chasse
Audio_4,102,51.0,51.5,500,bruit_chasse
Audio_4,103,51.5,52.0,500,bruit_chasse
Audio_4,104,52.0,52.5,500,bruit_chasse
Audio_4,105,52.5,53.0,500,bruit_chasse
Audio_4,106,53.0,53.5,500,bruit_chasse
Audio_4,107,53.5,54.0,500,bruit_chasse
Audio_4,108,54.0,54.5,500,bruit_chasse
Audio_5,0,0.0,0.5,500,bruit_ambiant
Audio_5,1,0.5,1.0,500,bruit_ambiant
Audio_5,2,1.0,1.5,500,bruit_ambiant
Audio_5,3,1.5,2.0,500,bruit_ambiant
Audio_5,4,2.0,2.5,500,bruit_ambiant
Audio_5,5,2.5,3.0,500,bruit_ambiant
Audio_5,6,3.0,3.5,500,bruit_ambiant
Audio_5,7,3.5,4.0,500,bruit_ambiant
Audio_5,8,4.0,4.5,500,bruit_ambiant
Audio_5,9,4.5,5.0,500,bruit_ambiant
Audio_5,10,5.0,5.5,500,bruit_ambiant
Audio_5,11,5.5,6.0,500,bruit_ambiant
Audio_5,12,6.0,6.5,500,bruit_ambiant
Audio_5,13,6.5,7.0,500,bruit_ambiant
Audio_5,14,7.0,7.5,500,bruit_ambiant
Audio_5,15,7.5,8.0,500,bruit_ambiant
Audio_5,16,8.0,8.5,500,bruit_ambiant
Audio_5,17,8.5,9.0,500,bruit_ambiant
Audio_5,18,9.0,9.5,500,bruit_ambiant
Audio_5,19,9.5,10.0,500,bruit_ambiant
Audio_5,20,10.0,10.5,500,bruit_ambiant
Audio_5,21,10.5,11.0,500,bruit_ambiant
Audio_5,22,11.0,11.5,500,bruit_ambiant
Audio_5,23,11.5,12.0,500,bruit_ambiant
Audio_5,24,12.0,12.5,500,bruit_ambiant
Audio_5,25,12.5,13.0,500,bruit_ambiant
Audio_5,26,13.0,13.5,500,bruit_ambiant
Audio_5,27,13.5,14.0,500,bruit_ambiant
Audio_5,28,14.0,14.5,500,bruit_ambiant
Audio_5,29,14.5,15.0,500,bruit_ambiant
Audio_5,30,15.0,15.5,500,miction_active
Audio_5,31,15.5,16.0,500,miction_active
Audio_5,32,16.0,16.5,500,miction_active
Audio_5,33,16.5,17.0,500,miction_active
Audio_5,34,17.0,17.5,500,miction_active
Audio_5,35,17.5,18.0,500,miction_active
Audio_5,36,18.0,18.5,500,miction_active
Audio_5,37,18.5,19.0,500,miction_active
Audio_5,38,19.0,19.5,500,miction_active
Audio_5,39,19.5,20.0,500,miction_active
Audio_5,40,20.0,20.5,500,miction_active
Audio_5,41,20.5,21.0,500,miction_active
Audio_5,42,21.0,21.5,500,miction_active
Audio_5,43,21.5,22.0,500,miction_active
Audio_5,44,22.0,22.5,500,miction_active
Audio_5,45,22.5,23.0,500,miction_active
Audio_5,46,23.0,23.5,500,miction_active
Audio_5,47,23.5,24.0,500,miction_active
Audio_5,48,24.0,24.5,500,miction_active
Audio_5,49,24.5,25.0,500,miction_active
Audio_5,50,25.0,25.5,500,miction_active
Audio_5,51,25.5,26.0,500,miction_active
Audio_5,52,26.0,26.5,500,miction_active
Audio_5,53,26.5,27.0,500,miction_active
Audio_5,54,27.0,27.5,500,miction_active
Audio_5,55,27.5,28.0,500,miction_active
Audio_5,56,28.0,28.5,500,miction_active
Audio_5,57,28.5,29.0,500,miction_active
Audio_5,58,29.0,29.5,500,miction_active
Audio_5,59,29.5,30.0,500,miction_active
Audio_5,60,30.0,30.5,500,miction_active
Audio_5,61,30.5,31.0,500,miction_active
Audio_5,62,31.0,31.5,500,miction_active
Audio_5,63,31.5,32.0,500,miction_active
Audio_5,64,32.0,32.5,500,miction_active
Audio_5,65,32.5,33.0,500,miction_active
Audio_5,66,33.0,33.5,500,miction_active
Audio_5,67,33.5,34.0,500,miction_active
Audio_5,68,34.0,34.5,500,miction_active
Audio_5,69,34.5,35.0,500,miction_active
Audio_5,70,35.0,35.5,500,miction_active
Audio_5,71,35.5,36.0,500,miction_active
Audio_5,72,36.0,36.5,500,miction_active
Audio_5,73,36.5,37.0,500,miction_active
Audio_5,74,37.0,37.5,500,bruit_chasse
Audio_5,75,37.5,38.0,500,bruit_chasse
Audio_5,76,38.0,38.5,500,bruit_chasse
Audio_5,77,38.5,39.0,500,bruit_chasse
Audio_5,78,39.0,39.5,500,bruit_chasse
Audio_5,79,39.5,40.0,500,bruit_chasse
Audio_5,80,40.0,40.5,500,bruit_chasse
Audio_5,81,40.5,41.0,500,bruit_chasse
Audio_5,82,41.0,41.5,500,bruit_chasse
Audio_5,83,41.5,42.0,500,bruit_chasse
Audio_5,84,42.0,42.5,500,bruit_chasse
Audio_5,85,42.5,43.0,500,bruit_chasse
Audio_5,86,43.0,43.5,500,bruit_chasse
Audio_5,87,43.5,44.0,500,bruit_chasse
Audio_6,0,0.0,0.5,500,bruit_ambiant
Audio_6,1,0.5,1.0,500,bruit_ambiant
Audio_6,2,1.0,1.5,500,bruit_ambiant
Audio_6,3,1.5,2.0,500,bruit_ambiant
Audio_6,4,2.0,2.5,500,bruit_ambiant
Audio_6,5,2.5,3.0,500,bruit_ambiant
Audio_6,6,3.0,3.5,500,bruit_ambiant
Audio_6,7,3.5,4.0,500,bruit_ambiant
Audio_6,8,4.0,4.5,500,bruit_ambiant
Audio_6,9,4.5,5.0,500,bruit_ambiant
Audio_6,10,5.0,5.5,500,bruit_ambiant
Audio_6,11,5.5,6.0,500,bruit_ambiant
Audio_6,12,6.0,6.5,500,bruit_ambiant
Audio_6,13,6.5,7.0,500,bruit_ambiant
Audio_6,14,7.0,7.5,500,bruit_ambiant
Audio_6,15,7.5,8.0,500,bruit_ambiant
Audio_6,16,8.0,8.5,500,bruit_ambiant
Audio_6,17,8.5,9.0,500,bruit_ambiant
Audio_6,18,9.0,9.5,500,bruit_ambiant
Audio_6,19,9.5,10.0,500,bruit_ambiant
Audio_6,20,10.0,10.5,500,miction_active
Audio_6,21,10.5,11.0,500,miction_active
Audio_6,22,11.0,11.5,500,miction_active
Audio_6,23,11.5,12.0,500,miction_active
Audio_6,24,12.0,12.5,500,miction_active
Audio_6,25,12.5,13.0,500,miction_active
Audio_6,26,13.0,13.5,500,miction_active
Audio_6,27,13.5,14.0,500,miction_active
Audio_6,28,14.0,14.5,500,miction_active
Audio_6,29,14.5,15.0,500,miction_active
Audio_6,30,15.0,15.5,500,miction_active
Audio_6,31,15.5,16.0,500,miction_active
Audio_6,32,16.0,16.5,500,miction_active
Audio_6,33,16.5,17.0,500,miction_active
Audio_6,34,17.0,17.5,500,miction_active
Audio_6,35,17.5,18.0,500,miction_active
Audio_6,36,18.0,18.5,500,miction_active
Audio_6,37,18.5,19.0,500,miction_active
Audio_6,38,19.0,19.5,500,miction_active
Audio_6,39,19.5,20.0,500,miction_active
Audio_6,40,20.0,20.5,500,miction_active
Audio_6,41,20.5,21.0,500,miction_active
Audio_6,42,21.0,21.5,500,miction_active
Audio_6,43,21.5,22.0,500,miction_active
Audio_6,44,22.0,22.5,500,miction_active
Audio_6,45,22.5,23.0,500,miction_active
Audio_6,46,23.0,23.5,500,miction_active
Audio_6,47,23.5,24.0,500,miction_active
Audio_6,48,24.0,24.5,500,miction_active
Audio_6,49,24.5,25.0,500,miction_active
Audio_6,50,25.0,25.5,500,miction_active
Audio_6,51,25.5,26.0,500,miction_active
Audio_6,52,26.0,26.5,500,miction_active
Audio_6,53,26.5,27.0,500,miction_active
Audio_6,54,27.0,27.5,500,miction_active
Audio_7,0,0.0,0.5,500,bruit_ambiant
Audio_7,1,0.5,1.0,500,bruit_ambiant
Audio_7,2,1.0,1.5,500,bruit_ambiant
Audio_7,3,1.5,2.0,500,bruit_ambiant
Audio_7,4,2.0,2.5,500,bruit_ambiant
Audio_7,5,2.5,3.0,500,bruit_ambiant
Audio_7,6,3.0,3.5,500,bruit_ambiant
Audio_7,7,3.5,4.0,500,bruit_ambiant
Audio_7,8,4.0,4.5,500,bruit_ambiant
Audio_7,9,4.5,5.0,500,bruit_ambiant
Audio_7,10,5.0,5.5,500,bruit_ambiant
Audio_7,11,5.5,6.0,500,bruit_ambiant
Audio_7,12,6.0,6.5,500,bruit_ambiant
Audio_7,13,6.5,7.0,500,bruit_ambiant
Audio_7,14,7.0,7.5,500,bruit_ambiant
Audio_7,15,7.5,8.0,500,bruit_ambiant
Audio_7,16,8.0,8.5,500,bruit_ambiant
Audio_7,17,8.5,9.0,500,bruit_ambiant
Audio_7,18,9.0,9.5,500,bruit_ambiant
Audio_7,19,9.5,10.0,500,bruit_ambiant
Audio_7,20,10.0,10.5,500,bruit_ambiant
Audio_7,21,10.5,11.0,500,bruit_ambiant
Audio_7,22,11.0,11.5,500,bruit_ambiant
Audio_7,23,11.5,12.0,500,bruit_ambiant
Audio_7,24,12.0,12.5,500,miction_active
Audio_7,25,12.5,13.0,500,miction_active
Audio_7,26,13.0,13.5,500,miction_active
Audio_7,27,13.5,14.0,500,miction_active
Audio_7,28,14.0,14.5,500,miction_active
Audio_7,29,14.5,15.0,500,miction_active
Audio_7,30,15.0,15.5,500,miction_active
Audio_7,31,15.5,16.0,500,miction_active
Audio_7,32,16.0,16.5,500,miction_active
Audio_7,33,16.5,17.0,500,miction_active
Audio_7,34,17.0,17.5,500,miction_active
Audio_7,35,17.5,18.0,500,miction_active
Audio_7,36,18.0,18.5,500,miction_active
Audio_7,37,18.5,19.0,500,miction_active
Audio_7,38,19.0,19.5,500,miction_active
Audio_7,39,19.5,20.0,500,miction_active
Audio_7,40,20.0,20.5,500,miction_active
Audio_7,41,20.5,21.0,500,miction_active
Audio_7,42,21.0,21.5,500,miction_active
Audio_7,43,21.5,22.0,500,miction_active
Audio_7,44,22.0,22.5,500,miction_active
Audio_7,45,22.5,23.0,500,miction_active
Audio_7,46,23.0,23.5,500,miction_active
Audio_7,47,23.5,24.0,500,miction_active
Audio_7,48,24.0,24.5,500,miction_active
Audio_7,49,24.5,25.0,500,miction_active
Audio_7,50,25.0,25.5,500,miction_active
Audio_7,51,25.5,26.0,500,miction_active
Audio_7,52,26.0,26.5,500,miction_active
Audio_7,53,26.5,27.0,500,miction_active
Audio_7,54,27.0,27.5,500,miction_active
Audio_7,55,27.5,28.0,500,miction_active
Audio_7,56,28.0,28.5,500,miction_active
Audio_7,57,28.5,29.0,500,miction_active
Audio_7,58,29.0,29.5,500,miction_active
Audio_7,59,29.5,30.0,500,miction_active
Audio_7,60,30.0,30.5,500,miction_active
Audio_7,61,30.5,31.0,500,miction_active
Audio_7,62,31.0,31.5,500,bruit_ambiant
Audio_7,63,31.5,32.0,500,bruit_ambiant
Audio_7,64,32.0,32.5,500,bruit_ambiant
Audio_7,65,32.5,33.0,500,bruit_ambiant
Audio_7,66,33.0,33.5,500,bruit_ambiant
Audio_7,67,33.5,34.0,500,bruit_ambiant
Audio_7,68,34.0,34.5,500,bruit_ambiant
Audio_7,69,34.5,35.0,500,bruit_ambiant
Audio_7,70,35.0,35.5,500,bruit_ambiant
Audio_7,71,35.5,36.0,500,bruit_ambiant
Audio_7,72,36.0,36.5,500,bruit_ambiant
Audio_7,73,36.5,37.0,500,bruit_ambiant
Audio_7,74,37.0,37.5,500,bruit_ambiant
Audio_7,75,37.5,38.0,500,bruit_ambiant
Audio_7,76,38.0,38.5,500,bruit_ambiant
Audio_7,77,38.5,39.0,500,bruit_ambiant
Audio_7,78,39.0,39.5,500,bruit_ambiant
Audio_7,79,39.5,40.0,500,bruit_ambiant
Audio_7,80,40.0,40.5,500,bruit_chasse
Audio_7,81,40.5,41.0,500,bruit_chasse
Audio_7,82,41.0,41.5,500,bruit_chasse
Audio_7,83,41.5,42.0,500,bruit_chasse
Audio_7,84,42.0,42.5,500,bruit_chasse
Audio_8,0,0.0,0.5,500,silence
Audio_8,1,0.5,1.0,500,silence
Audio_8,2,1.0,1.5,500,silence
Audio_8,3,1.5,2.0,500,silence
Audio_8,4,2.0,2.5,500,silence
Audio_8,5,2.5,3.0,500,silence
Audio_8,6,3.0,3.5,500,silence
Audio_8,7,3.5,4.0,500,silence
Audio_8,8,4.0,4.5,500,silence
Audio_8,9,4.5,5.0,500,silence
Audio_8,10,5.0,5.5,500,silence
Audio_8,11,5.5,6.0,500,silence
Audio_8,12,6.0,6.5,500,silence
Audio_8,13,6.5,7.0,500,silence
Audio_8,14,7.0,7.5,500,miction_active
Audio_8,15,7.5,8.0,500,miction_active
Audio_8,16,8.0,8.5,500,miction_active
Audio_8,17,8.5,9.0,500,miction_active
Audio_8,18,9.0,9.5,500,miction_active
Audio_8,19,9.5,10.0,500,miction_active
Audio_8,20,10.0,10.5,500,miction_active
Audio_8,21,10.5,11.0,500,miction_active
Audio_8,22,11.0,11.5,500,miction_active
Audio_8,23,11.5,12.0,500,miction_active
Audio_8,24,12.0,12.5,500,miction_active
Audio_8,25,12.5,13.0,500,miction_active
Audio_8,26,13.0,13.5,500,miction_active
Audio_8,27,13.5,14.0,500,miction_active
Audio_8,28,14.0,14.5,500,miction_active
Audio_8,29,14.5,15.0,500,miction_active
Audio_8,30,15.0,15.5,500,miction_active
Audio_8,31,15.5,16.0,500,miction_active
Audio_8,32,16.0,16.5,500,miction_active
Audio_8,33,16.5,17.0,500,miction_active
Audio_8,34,17.0,17.5,500,miction_active
Audio_8,35,17.5,18.0,500,miction_active
Audio_8,36,18.0,18.5,500,miction_active
Audio_8,37,18.5,19.0,500,miction_active
Audio_8,38,19.0,19.5,500,miction_active
Audio_8,39,19.5,20.0,500,miction_active
Audio_8,40,20.0,20.5,500,miction_active
Audio_8,41,20.5,21.0,500,miction_active
Audio_8,42,21.0,21.5,500,miction_active
Audio_8,43,21.5,22.0,500,miction_active
Audio_8,44,22.0,22.5,500,miction_active
Audio_8,45,22.5,23.0,500,miction_active
Audio_8,46,23.0,23.5,500,miction_active
Audio_8,47,23.5,24.0,500,miction_active
Audio_8,48,24.0,24.5,500,miction_active
Audio_8,49,24.5,25.0,500,miction_active
Audio_8,50,25.0,25.5,500,miction_active
Audio_8,51,25.5,26.0,500,miction_active
Audio_8,52,26.0,26.5,500,miction_active
Audio_8,53,26.5,27.0,500,miction_active
Audio_8,54,27.0,27.5,500,miction_active
Audio_8,55,27.5,28.0,500,miction_active
Audio_8,56,28.0,28.5,500,silence
Audio_8,57,28.5,29.0,500,silence
Audio_8,58,29.0,29.5,500,silence
Audio_8,59,29.5,30.0,500,silence
Audio_8,60,30.0,30.5,500,silence
Audio_8,61,30.5,31.0,500,silence
Audio_8,62,31.0,31.5,500,silence
Audio_8,63,31.5,32.0,500,silence
Audio_8,64,32.0,32.5,500,silence
Audio_8,65,32.5,33.0,500,silence
Audio_8,66,33.0,33.5,500,silence
Audio_8,67,33.5,34.0,500,silence
Audio_8,68,34.0,34.5,500,silence
Audio_8,69,34.5,35.0,500,silence
Audio_8,70,35.0,35.5,500,bruit_chasse
Audio_8,71,35.5,36.0,500,bruit_chasse
Audio_8,72,36.0,36.5,500,bruit_chasse
Audio_8,73,36.5,37.0,500,bruit_chasse
Audio_8,74,37.0,37.5,500,bruit_chasse
Audio_8,75,37.5,38.0,500,bruit_chasse
Audio_8,76,38.0,38.5,500,bruit_chasse
Audio_8,77,38.5,39.0,500,bruit_chasse
Audio_8,78,39.0,39.5,500,bruit_chasse
Audio_8,79,39.5,40.0,500,bruit_chasse
Audio_8,80,40.0,40.5,500,bruit_chasse
Audio_8,81,40.5,41.0,500,bruit_chasse
Audio_8,82,41.0,41.5,500,bruit_chasse
Audio_8,83,41.5,42.0,500,bruit_chasse
Audio_8,84,42.0,42.5,500,bruit_chasse
Audio_9,0,0.0,0.5,500,bruit_ambiant
Audio_9,1,0.5,1.0,500,bruit_ambiant
Audio_9,2,1.0,1.5,500,bruit_ambiant
Audio_9,3,1.5,2.0,500,bruit_ambiant
Audio_9,4,2.0,2.5,500,bruit_ambiant
Audio_9,5,2.5,3.0,500,bruit_ambiant
Audio_9,6,3.0,3.5,500,bruit_ambiant
Audio_9,7,3.5,4.0,500,bruit_ambiant
Audio_9,8,4.0,4.5,500,bruit_ambiant
Audio_9,9,4.5,5.0,500,bruit_ambiant
Audio_9,10,5.0,5.5,500,bruit_ambiant
Audio_9,11,5.5,6.0,500,bruit_ambiant
Audio_9,12,6.0,6.5,500,bruit_ambiant
Audio_9,13,6.5,7.0,500,bruit_ambiant
Audio_9,14,7.0,7.5,500,bruit_ambiant
Audio_9,15,7.5,8.0,500,bruit_ambiant
Audio_9,16,8.0,8.5,500,bruit_ambiant
Audio_9,17,8.5,9.0,500,bruit_ambiant
Audio_9,18,9.0,9.5,500,bruit_ambiant
Audio_9,19,9.5,10.0,500,bruit_ambiant
Audio_9,20,10.0,10.5,500,miction_active
Audio_9,21,10.5,11.0,500,miction_active
Audio_9,22,11.0,11.5,500,miction_active
Audio_9,23,11.5,12.0,500,miction_active
Audio_9,24,12.0,12.5,500,miction_active
Audio_9,25,12.5,13.0,500,miction_active
Audio_9,26,13.0,13.5,500,miction_active
Audio_9,27,13.5,14.0,500,miction_active
Audio_9,28,14.0,14.5,500,miction_active
Audio_9,29,14.5,15.0,500,miction_active
Audio_9,30,15.0,15.5,500,miction_active
Audio_9,31,15.5,16.0,500,miction_active
Audio_9,32,16.0,16.5,500,miction_active
Audio_9,33,16.5,17.0,500,miction_active
Audio_9,34,17.0,17.5,500,miction_active
Audio_9,35,17.5,18.0,500,miction_active
Audio_9,36,18.0,18.5,500,miction_active
Audio_9,37,18.5,19.0,500,miction_active
Audio_9,38,19.0,19.5,500,miction_active
Audio_9,39,19.5,20.0,500,miction_active
Audio_9,40,20.0,20.5,500,miction_active
Audio_9,41,20.5,21.0,500,miction_active
Audio_9,42,21.0,21.5,500,miction_active
Audio_9,43,21.5,22.0,500,miction_active
Audio_9,44,22.0,22.5,500,miction_active
Audio_9,45,22.5,23.0,500,miction_active
Audio_9,46,23.0,23.5,500,miction_active
Audio_9,47,23.5,24.0,500,miction_active
Audio_9,48,24.0,24.5,500,miction_active
Audio_9,49,24.5,25.0,500,miction_active
Audio_9,50,25.0,25.5,500,miction_active
Audio_9,51,25.5,26.0,500,miction_active
Audio_9,52,26.0,26.5,500,miction_active
Audio_9,53,26.5,27.0,500,miction_active
Audio_9,54,27.0,27.5,500,miction_active
Audio_9,55,27.5,28.0,500,miction_active
Audio_9,56,28.0,28.5,500,miction_active
Audio_9,57,28.5,29.0,500,miction_active
Audio_9,58,29.0,29.5,500,bruit_chasse
Audio_9,59,29.5,30.0,500,bruit_chasse
Audio_9,60,30.0,30.5,500,bruit_chasse
Audio_9,61,30.5,31.0,500,bruit_chasse
Audio_9,62,31.0,31.5,500,bruit_chasse
Audio_9,63,31.5,32.0,500,bruit_chasse
Audio_9,64,32.0,32.5,500,bruit_chasse
Audio_9,65,32.5,33.0,500,bruit_chasse
Audio_9,66,33.0,33.5,500,bruit_chasse
Audio_9,67,33.5,34.0,500,bruit_chasse
Audio_9,68,34.0,34.5,500,bruit_chasse
Audio_9,69,34.5,35.0,500,bruit_chasse
Audio_9,70,35.0,35.5,500,bruit_chasse
Audio_9,71,35.5,36.0,500,bruit_chasse
Audio_9,72,36.0,36.5,500,bruit_chasse
Bruit de pipi (mp3cut.net),0,0.0,0.5,500,miction_active
Bruit de pipi (mp3cut.net),1,0.5,1.0,500,miction_active
Bruit de pipi (mp3cut.net),2,1.0,1.5,500,miction_active
Bruit de pipi (mp3cut.net),3,1.5,2.0,500,miction_active
Bruit de pipi (mp3cut.net),4,2.0,2.5,500,miction_active
Bruit de pipi (mp3cut.net),5,2.5,3.0,500,miction_active
Bruit de pipi (mp3cut.net),6,3.0,3.5,500,miction_active
Bruit de pipi (mp3cut.net),7,3.5,4.0,500,miction_active
Bruit de pipi (mp3cut.net),8,4.0,4.5,500,miction_active
Bruit de pipi (mp3cut.net),9,4.5,5.0,500,miction_active
Bruit de pipi (mp3cut.net),10,5.0,5.5,500,miction_active
Bruit de pipi (mp3cut.net),11,5.5,6.0,500,miction_active
Bruit de pipi (mp3cut.net),12,6.0,6.5,500,miction_active
Bruit de pipi (mp3cut.net),13,6.5,7.0,500,miction_active
Bruit de pipi (mp3cut.net),14,7.0,7.5,500,miction_active
Bruit de pipi (mp3cut.net),15,7.5,8.0,500,miction_active
Bruit de pipi (mp3cut.net),16,8.0,8.5,500,miction_active
Bruit de pipi (mp3cut.net),17,8.5,9.0,500,miction_active
Bruit de pipi (mp3cut.net),18,9.0,9.5,500,miction_active
Bruit de pipi (mp3cut.net),19,9.5,10.0,500,miction_active
Bruit de pipi (mp3cut.net),20,10.0,10.5,500,miction_active
Bruit de pipi (mp3cut.net),21,10.5,11.0,500,miction_active
Bruit de pipi (mp3cut.net),22,11.0,11.5,500,miction_active
Bruit de pipi (mp3cut.net),23,11.5,12.0,500,miction_active
Bruit de pipi (mp3cut.net),24,12.0,12.5,500,miction_active
Bruit de pipi (mp3cut.net),25,12.5,13.0,500,miction_active
Bruit de pipi (mp3cut.net),26,13.0,13.5,500,miction_active
Bruit de pipi (mp3cut.net),27,13.5,14.0,500,miction_active
Bruit de pipi (mp3cut.net),28,14.0,14.5,500,miction_active
Bruit de pipi (mp3cut.net),29,14.5,15.0,500,miction_active
Bruit de pipi (mp3cut.net),30,15.0,15.5,500,miction_active
Bruit de pipi (mp3cut.net),31,15.5,16.0,500,miction_active
Bruit de pipi (mp3cut.net),32,16.0,16.5,500,miction_active
Bruit de pipi (mp3cut.net),33,16.5,17.0,500,miction_active
Bruit de pipi (mp3cut.net),34,17.0,17.5,500,miction_active
Bruit de pipi (mp3cut.net),35,17.5,18.0,500,miction_active
Bruit de pipi (mp3cut.net),36,18.0,18.5,500,miction_active
Bruit de pipi (mp3cut.net),37,18.5,19.0,500,miction_active
Bruit de pipi (mp3cut.net),38,19.0,19.5,500,miction_active
Bruit de pipi (mp3cut.net),39,19.5,20.0,500,miction_active
Bruit de pipi (mp3cut.net),40,20.0,20.5,500,miction_active
Bruit de pipi (mp3cut.net),41,20.5,21.0,500,miction_active
Bruit de pipi (mp3cut.net),42,21.0,21.5,500,miction_active
Bruit de pipi (mp3cut.net),43,21.5,22.0,500,miction_active
Bruit de pipi (mp3cut.net),44,22.0,22.5,500,miction_active
Bruit de pipi (mp3cut.net),45,22.5,23.0,500,miction_active
Bruit de pipi (mp3cut.net),46,23.0,23.5,500,miction_active
Bruit de pipi (mp3cut.net),47,23.5,24.0,500,miction_active
Bruit de pipi (mp3cut.net),48,24.0,24.5,500,miction_active
Bruit de pipi (mp3cut.net),49,24.5,25.0,500,miction_active
Bruit de pipi (mp3cut.net),50,25.0,25.5,500,miction_active
Bruit de pipi (mp3cut.net),51,25.5,26.0,500,miction_active
Bruit de pipi (mp3cut.net),52,26.0,26.5,500,miction_active
Bruit de pipi (mp3cut.net),53,26.5,27.0,500,miction_active
Bruit de pipi (mp3cut.net),54,27.0,27.5,500,silence
Bruit de pipi (mp3cut.net),55,27.5,28.0,500,silence
Bruit de pipi (mp3cut.net),56,28.0,28.5,500,silence
Bruit de pipi (mp3cut.net),57,28.5,29.0,500,silence
Bruit de pipi (mp3cut.net),58,29.0,29.5,500,silence
Bruit de pipi (mp3cut.net),59,29.5,30.0,500,silence
Bruit de pipi (mp3cut.net),60,30.0,30.5,500,silence
Bruit de pipi (mp3cut.net),61,30.5,31.0,500,silence
Bruit de pipi (mp3cut.net),62,31.0,31.5,500,silence
Bruit de pipi (mp3cut.net),63,31.5,32.0,500,silence
Bruit de pipi (mp3cut.net),64,32.0,32.5,500,silence
Bruit de pipi (mp3cut.net),65,32.5,33.0,500,silence
